/content/gdrive/MyDrive/project_6/images/train/test_kotz_2019_fl04_C_20190510_001905.413279_rgb.jpg,6288,60,6316,105,ringed_seal
/content/gdrive/MyDrive/project_6/images/train/test_kotz_2019_fl04_C_20190510_001910.663404_rgb.jpg,3513,193,3551,247,ringed_pup
/content/gdrive/MyDrive/project_6/images/train/test_kotz_2019_fl04_C_20190510_001910.663404_rgb.jpg,3494,245,3571,293,ringed_seal
/content/gdrive/MyDrive/project_6/images/train/test_kotz_2019_fl04_C_20190510_002439.911874_rgb.jpg,2430,2340,2519,2373,ringed_seal
/content/gdrive/MyDrive/project_6/images/train/test_kotz_2019_fl04_C_20190510_002439.911874_rgb.jpg,2462,2309,2517,2342,ringed_seal
/content/gdrive/MyDrive/project_6/images/train/test_kotz_2019_fl04_C_20190510_002439.911874_rgb.jpg,4244,469,4277,536,ringed_seal
/content/gdrive/MyDrive/project_6/images/train/test_kotz_2019_fl04_C_20190510_002439.911874_rgb.jpg,4319,673,4354,722,ringed_pup
/content/gdrive/MyDrive/project_6/images/train/test_kotz_2019_fl04_C_20190510_002654.161325_rgb.jpg,1832,1736,1857,1795,ringed_seal
/content/gdrive/MyDrive/project_6/images/train/test_kotz_2019_fl04_C_20190510_002654.161325_rgb.jpg,3527,1852,3568,1894,ringed_seal
/content/gdrive/MyDrive/project_6/images/train/test_kotz_2019_fl04_C_20190510_002654.161325_rgb.jpg,3727,1759,3757,1810,ringed_seal
/content/gdrive/MyDrive/project_6/images/train/test_kotz_2019_fl04_C_20190510_002654.161325_rgb.jpg,3658,2049,3698,2084,ringed_seal
/content/gdrive/MyDrive/project_6/images/train/test_kotz_2019_fl04_C_20190510_002654.161325_rgb.jpg,3692,1968,3723,1992,unknown_seal
/content/gdrive/MyDrive/project_6/images/train/test_kotz_2019_fl04_C_20190510_002815.911168_rgb.jpg,6369,6,6436,61,ringed_seal
/content/gdrive/MyDrive/project_6/images/train/test_kotz_2019_fl04_C_20190510_002815.911168_rgb.jpg,6486,0,6516,42,ringed_seal
/content/gdrive/MyDrive/project_6/images/train/test_kotz_2019_fl04_C_20190510_002926.410795_rgb.jpg,2251,1066,2281,1116,unknown_seal
/content/gdrive/MyDrive/project_6/images/train/test_kotz_2019_fl04_C_20190510_002926.410795_rgb.jpg,3850,1718,3874,1755,ringed_pup
/content/gdrive/MyDrive/project_6/images/train/test_kotz_2019_fl04_C_20190510_002926.410795_rgb.jpg,3850,1595,3880,1647,ringed_seal
/content/gdrive/MyDrive/project_6/images/train/test_kotz_2019_fl04_C_20190510_002926.410795_rgb.jpg,5121,1813,5162,1853,ringed_seal
/content/gdrive/MyDrive/project_6/images/train/test_kotz_2019_fl04_C_20190510_002926.410795_rgb.jpg,5614,643,5654,675,unknown_seal
/content/gdrive/MyDrive/project_6/images/train/test_kotz_2019_fl04_C_20190510_003131.660173_rgb.jpg,2530,2684,2566,2728,unknown_pup
/content/gdrive/MyDrive/project_6/images/train/test_kotz_2019_fl04_C_20190510_003253.409838_rgb.jpg,3304,4303,3374,4334,ringed_seal
/content/gdrive/MyDrive/project_6/images/train/test_kotz_2019_fl04_C_20190510_003253.409838_rgb.jpg,3333,4208,3398,4259,ringed_seal
/content/gdrive/MyDrive/project_6/images/train/test_kotz_2019_fl04_C_20190510_003253.409838_rgb.jpg,3382,4220,3413,4269,ringed_pup
/content/gdrive/MyDrive/project_6/images/train/test_kotz_2019_fl04_C_20190510_003404.659554_rgb.jpg,4642,1162,4690,1233,ringed_seal
/content/gdrive/MyDrive/project_6/images/train/test_kotz_2019_fl04_C_20190510_003404.659554_rgb.jpg,4895,974,4950,1036,ringed_seal
/content/gdrive/MyDrive/project_6/images/train/test_kotz_2019_fl04_C_20190510_003504.409453_rgb.jpg,4183,1606,4235,1637,ringed_pup
/content/gdrive/MyDrive/project_6/images/train/test_kotz_2019_fl04_C_20190510_003511.409428_rgb.jpg,4235,3264,4270,3324,ringed_seal
/content/gdrive/MyDrive/project_6/images/train/test_kotz_2019_fl04_C_20190510_003511.409428_rgb.jpg,4282,3290,4327,3323,ringed_pup
/content/gdrive/MyDrive/project_6/images/train/test_kotz_2019_fl04_C_20190510_003511.409428_rgb.jpg,5139,850,5170,911,ringed_seal
/content/gdrive/MyDrive/project_6/images/train/test_kotz_2019_fl04_C_20190510_003511.409428_rgb.jpg,5784,1785,5866,1821,unknown_seal
/content/gdrive/MyDrive/project_6/images/train/test_kotz_2019_fl04_C_20190510_003525.909400_rgb.jpg,1788,2403,1823,2462,ringed_seal
/content/gdrive/MyDrive/project_6/images/train/test_kotz_2019_fl04_C_20190510_003525.909400_rgb.jpg,2862,3488,2887,3529,ringed_pup
/content/gdrive/MyDrive/project_6/images/train/test_kotz_2019_fl04_C_20190510_003525.909400_rgb.jpg,3000,3615,3039,3692,ringed_seal
/content/gdrive/MyDrive/project_6/images/train/test_kotz_2019_fl04_C_20190510_003525.909400_rgb.jpg,2937,3685,2975,3728,ringed_pup
/content/gdrive/MyDrive/project_6/images/train/test_kotz_2019_fl04_C_20190510_003525.909400_rgb.jpg,5354,4088,5412,4144,ringed_seal
/content/gdrive/MyDrive/project_6/images/train/test_kotz_2019_fl04_C_20190510_003525.909400_rgb.jpg,5375,4056,5405,4112,ringed_seal
/content/gdrive/MyDrive/project_6/images/train/test_kotz_2019_fl04_C_20190510_003525.909400_rgb.jpg,5391,4100,5434,4128,ringed_seal
/content/gdrive/MyDrive/project_6/images/train/test_kotz_2019_fl04_C_20190510_003525.909400_rgb.jpg,5313,4070,5354,4113,ringed_pup
/content/gdrive/MyDrive/project_6/images/train/test_kotz_2019_fl04_C_20190510_003525.909400_rgb.jpg,1819,2373,1862,2409,ringed_seal
/content/gdrive/MyDrive/project_6/images/train/test_kotz_2019_fl04_C_20190510_003525.909400_rgb.jpg,1886,2434,1914,2470,ringed_pup
/content/gdrive/MyDrive/project_6/images/train/test_kotz_2019_fl04_C_20190510_003525.909400_rgb.jpg,2893,3582,2922,3632,ringed_pup
/content/gdrive/MyDrive/project_6/images/train/test_kotz_2019_fl04_C_20190510_003632.409093_rgb.jpg,2406,3011,2468,3043,unknown_pup
/content/gdrive/MyDrive/project_6/images/train/test_kotz_2019_fl04_C_20190510_003702.408943_rgb.jpg,4099,1156,4144,1183,unknown_pup
/content/gdrive/MyDrive/project_6/images/train/test_kotz_2019_fl04_C_20190510_003932.908357_rgb.jpg,5755,3253,5815,3313,ringed_seal
/content/gdrive/MyDrive/project_6/images/train/test_kotz_2019_fl04_C_20190510_003932.908357_rgb.jpg,5821,3261,5849,3307,ringed_pup
/content/gdrive/MyDrive/project_6/images/train/test_kotz_2019_fl04_C_20190510_003946.908309_rgb.jpg,316,1489,391,1522,ringed_seal
/content/gdrive/MyDrive/project_6/images/train/test_kotz_2019_fl04_C_20190510_003946.908309_rgb.jpg,3430,3176,3503,3219,ringed_seal
/content/gdrive/MyDrive/project_6/images/train/test_kotz_2019_fl04_C_20190510_003946.908309_rgb.jpg,387,1497,426,1540,ringed_pup
/content/gdrive/MyDrive/project_6/images/train/test_kotz_2019_fl04_C_20190510_003946.908309_rgb.jpg,3460,3213,3492,3256,ringed_pup
/content/gdrive/MyDrive/project_6/images/train/test_kotz_2019_fl04_C_20190510_004146.407826_rgb.jpg,711,3280,761,3351,ringed_seal
/content/gdrive/MyDrive/project_6/images/train/test_kotz_2019_fl04_C_20190510_004146.407826_rgb.jpg,1685,1144,1735,1209,unknown_seal
/content/gdrive/MyDrive/project_6/images/train/test_kotz_2019_fl04_C_20190510_004146.907828_rgb.jpg,1615,3272,1660,3338,unknown_seal
/content/gdrive/MyDrive/project_6/images/train/test_kotz_2019_fl04_C_20190510_004146.907828_rgb.jpg,3435,1251,3482,1322,ringed_seal
/content/gdrive/MyDrive/project_6/images/train/test_kotz_2019_fl04_C_20190510_004247.907598_rgb.jpg,2735,2695,2771,2785,ringed_seal
/content/gdrive/MyDrive/project_6/images/train/test_kotz_2019_fl04_C_20190510_004247.907598_rgb.jpg,2665,2722,2713,2762,ringed_pup
/content/gdrive/MyDrive/project_6/images/train/test_kotz_2019_fl04_C_20190510_004343.907514_rgb.jpg,4330,683,4384,720,ringed_seal
/content/gdrive/MyDrive/project_6/images/train/test_kotz_2019_fl04_C_20190510_004343.907514_rgb.jpg,4344,617,4379,673,ringed_seal
/content/gdrive/MyDrive/project_6/images/train/test_kotz_2019_fl04_C_20190510_004343.907514_rgb.jpg,5664,1669,5725,1717,ringed_seal
/content/gdrive/MyDrive/project_6/images/train/test_kotz_2019_fl04_C_20190510_004343.907514_rgb.jpg,5586,1731,5635,1782,ringed_seal
/content/gdrive/MyDrive/project_6/images/train/test_kotz_2019_fl04_C_20190510_004343.907514_rgb.jpg,5486,1687,5526,1756,ringed_seal
/content/gdrive/MyDrive/project_6/images/train/test_kotz_2019_fl04_C_20190510_004343.907514_rgb.jpg,5598,1641,5658,1688,ringed_seal
/content/gdrive/MyDrive/project_6/images/train/test_kotz_2019_fl04_C_20190510_004343.907514_rgb.jpg,5552,3053,5601,3098,ringed_seal
/content/gdrive/MyDrive/project_6/images/train/test_kotz_2019_fl04_C_20190510_004343.907514_rgb.jpg,5477,3200,5535,3237,ringed_seal
/content/gdrive/MyDrive/project_6/images/train/test_kotz_2019_fl04_C_20190510_004343.907514_rgb.jpg,4316,595,4343,647,ringed_seal
/content/gdrive/MyDrive/project_6/images/train/test_kotz_2019_fl04_C_20190510_004343.907514_rgb.jpg,4271,616,4307,669,ringed_seal
/content/gdrive/MyDrive/project_6/images/train/test_kotz_2019_fl04_C_20190510_004343.907514_rgb.jpg,5560,1705,5600,1758,ringed_seal
/content/gdrive/MyDrive/project_6/images/train/test_kotz_2019_fl04_C_20190510_004343.907514_rgb.jpg,5552,1637,5592,1690,ringed_seal
/content/gdrive/MyDrive/project_6/images/train/test_kotz_2019_fl04_C_20190510_004343.907514_rgb.jpg,5623,1696,5658,1735,ringed_seal
/content/gdrive/MyDrive/project_6/images/train/test_kotz_2019_fl04_C_20190510_004343.907514_rgb.jpg,5600,1598,5655,1640,ringed_seal
/content/gdrive/MyDrive/project_6/images/train/test_kotz_2019_fl04_C_20190510_004343.907514_rgb.jpg,5537,3115,5586,3160,ringed_seal
/content/gdrive/MyDrive/project_6/images/train/test_kotz_2019_fl04_C_20190510_004428.907182_rgb.jpg,2899,43,2936,92,ringed_seal
/content/gdrive/MyDrive/project_6/images/train/test_kotz_2019_fl04_C_20190510_010010.508482_rgb.jpg,1537,3158,1604,3226,ringed_seal
/content/gdrive/MyDrive/project_6/images/train/test_kotz_2019_fl04_C_20190510_010010.508482_rgb.jpg,1685,3576,1748,3628,ringed_seal
/content/gdrive/MyDrive/project_6/images/train/test_kotz_2019_fl04_C_20190510_010010.508482_rgb.jpg,1615,3684,1662,3760,ringed_seal
/content/gdrive/MyDrive/project_6/images/train/test_kotz_2019_fl04_C_20190510_010010.508482_rgb.jpg,4835,1192,4919,1228,ringed_seal
/content/gdrive/MyDrive/project_6/images/train/test_kotz_2019_fl04_C_20190510_010010.508482_rgb.jpg,5522,3517,5578,3589,ringed_seal
/content/gdrive/MyDrive/project_6/images/train/test_kotz_2019_fl04_C_20190510_010010.508482_rgb.jpg,5415,3979,5467,4012,ringed_seal
/content/gdrive/MyDrive/project_6/images/train/test_kotz_2019_fl04_C_20190510_010010.508482_rgb.jpg,6322,1116,6401,1152,unknown_seal
/content/gdrive/MyDrive/project_6/images/train/test_kotz_2019_fl04_C_20190510_010034.224931_rgb.jpg,4370,781,4409,840,unknown_seal
/content/gdrive/MyDrive/project_6/images/train/test_kotz_2019_fl04_C_20190510_010034.224931_rgb.jpg,4700,2189,4839,2258,bearded_seal
/content/gdrive/MyDrive/project_6/images/train/test_kotz_2019_fl04_C_20190510_010130.179130_rgb.jpg,640,3968,771,4021,bearded_seal
/content/gdrive/MyDrive/project_6/images/train/test_kotz_2019_fl04_C_20190510_010130.179130_rgb.jpg,5435,727,5480,811,ringed_seal
/content/gdrive/MyDrive/project_6/images/train/test_kotz_2019_fl04_C_20190510_010130.179130_rgb.jpg,5608,703,5644,765,ringed_seal
/content/gdrive/MyDrive/project_6/images/train/test_kotz_2019_fl04_C_20190510_010151.554806_rgb.jpg,1564,80,1601,148,ringed_seal
/content/gdrive/MyDrive/project_6/images/train/test_kotz_2019_fl04_C_20190510_010151.554806_rgb.jpg,1473,203,1556,242,ringed_seal
/content/gdrive/MyDrive/project_6/images/train/test_kotz_2019_fl04_C_20190510_010151.554806_rgb.jpg,1654,42,1709,87,ringed_seal
/content/gdrive/MyDrive/project_6/images/train/test_kotz_2019_fl04_C_20190510_010151.554806_rgb.jpg,1296,2926,1366,2978,ringed_seal
/content/gdrive/MyDrive/project_6/images/train/test_kotz_2019_fl04_C_20190510_010151.554806_rgb.jpg,1434,2899,1486,2952,ringed_seal
/content/gdrive/MyDrive/project_6/images/train/test_kotz_2019_fl04_C_20190510_010151.554806_rgb.jpg,1426,3006,1500,3047,ringed_seal
/content/gdrive/MyDrive/project_6/images/train/test_kotz_2019_fl04_C_20190510_010151.554806_rgb.jpg,2327,883,2416,916,ringed_seal
/content/gdrive/MyDrive/project_6/images/train/test_kotz_2019_fl04_C_20190510_010151.554806_rgb.jpg,2222,844,2266,916,ringed_seal
/content/gdrive/MyDrive/project_6/images/train/test_kotz_2019_fl04_C_20190510_010151.554806_rgb.jpg,2691,831,2736,909,ringed_seal
/content/gdrive/MyDrive/project_6/images/train/test_kotz_2019_fl04_C_20190510_010151.554806_rgb.jpg,2434,1031,2505,1070,ringed_seal
/content/gdrive/MyDrive/project_6/images/train/test_kotz_2019_fl04_C_20190510_010151.554806_rgb.jpg,2708,1087,2787,1121,ringed_seal
/content/gdrive/MyDrive/project_6/images/train/test_kotz_2019_fl04_C_20190510_010151.554806_rgb.jpg,2549,945,2604,1007,ringed_seal
/content/gdrive/MyDrive/project_6/images/train/test_kotz_2019_fl04_C_20190510_010151.554806_rgb.jpg,2515,1095,2550,1171,ringed_seal
/content/gdrive/MyDrive/project_6/images/train/test_kotz_2019_fl04_C_20190510_010151.554806_rgb.jpg,2589,902,2667,943,ringed_seal
/content/gdrive/MyDrive/project_6/images/train/test_kotz_2019_fl04_C_20190510_010151.554806_rgb.jpg,2821,918,2885,974,ringed_seal
/content/gdrive/MyDrive/project_6/images/train/test_kotz_2019_fl04_C_20190510_010151.554806_rgb.jpg,2956,1992,3022,2029,ringed_seal
/content/gdrive/MyDrive/project_6/images/train/test_kotz_2019_fl04_C_20190510_010151.554806_rgb.jpg,2882,2542,2921,2618,ringed_seal
/content/gdrive/MyDrive/project_6/images/train/test_kotz_2019_fl04_C_20190510_010151.554806_rgb.jpg,2888,2441,2931,2507,ringed_seal
/content/gdrive/MyDrive/project_6/images/train/test_kotz_2019_fl04_C_20190510_010151.554806_rgb.jpg,2603,2498,2685,2543,ringed_seal
/content/gdrive/MyDrive/project_6/images/train/test_kotz_2019_fl04_C_20190510_010151.554806_rgb.jpg,2684,2972,2728,3032,ringed_seal
/content/gdrive/MyDrive/project_6/images/train/test_kotz_2019_fl04_C_20190510_010151.554806_rgb.jpg,2796,3026,2859,3077,ringed_seal
/content/gdrive/MyDrive/project_6/images/train/test_kotz_2019_fl04_C_20190510_010151.554806_rgb.jpg,2643,3093,2723,3127,ringed_seal
/content/gdrive/MyDrive/project_6/images/train/test_kotz_2019_fl04_C_20190510_010151.554806_rgb.jpg,2867,3608,2910,3682,ringed_seal
/content/gdrive/MyDrive/project_6/images/train/test_kotz_2019_fl04_C_20190510_010151.554806_rgb.jpg,2946,3650,3015,3703,ringed_seal
/content/gdrive/MyDrive/project_6/images/train/test_kotz_2019_fl04_C_20190510_010151.554806_rgb.jpg,2947,3741,3024,3781,ringed_seal
/content/gdrive/MyDrive/project_6/images/train/test_kotz_2019_fl04_C_20190510_010151.554806_rgb.jpg,3154,1881,3224,1944,unknown_seal
/content/gdrive/MyDrive/project_6/images/train/test_kotz_2019_fl04_C_20190510_010151.554806_rgb.jpg,3080,1985,3135,2058,ringed_seal
/content/gdrive/MyDrive/project_6/images/train/test_kotz_2019_fl04_C_20190510_010151.554806_rgb.jpg,3005,2121,3078,2169,ringed_seal
/content/gdrive/MyDrive/project_6/images/train/test_kotz_2019_fl04_C_20190510_010151.554806_rgb.jpg,3060,1841,3092,1912,unknown_seal
/content/gdrive/MyDrive/project_6/images/train/test_kotz_2019_fl04_C_20190510_010151.554806_rgb.jpg,3114,2251,3152,2332,unknown_seal
/content/gdrive/MyDrive/project_6/images/train/test_kotz_2019_fl04_C_20190510_010151.554806_rgb.jpg,3579,2110,3649,2146,ringed_seal
/content/gdrive/MyDrive/project_6/images/train/test_kotz_2019_fl04_C_20190510_010151.554806_rgb.jpg,3212,2468,3270,2547,ringed_seal
/content/gdrive/MyDrive/project_6/images/train/test_kotz_2019_fl04_C_20190510_010151.554806_rgb.jpg,3046,2799,3114,2846,ringed_seal
/content/gdrive/MyDrive/project_6/images/train/test_kotz_2019_fl04_C_20190510_010151.554806_rgb.jpg,3077,2529,3138,2572,ringed_seal
/content/gdrive/MyDrive/project_6/images/train/test_kotz_2019_fl04_C_20190510_010151.554806_rgb.jpg,3163,2568,3226,2640,ringed_seal
/content/gdrive/MyDrive/project_6/images/train/test_kotz_2019_fl04_C_20190510_010151.554806_rgb.jpg,3337,3310,3408,3355,ringed_seal
/content/gdrive/MyDrive/project_6/images/train/test_kotz_2019_fl04_C_20190510_010151.554806_rgb.jpg,3460,3227,3528,3279,ringed_seal
/content/gdrive/MyDrive/project_6/images/train/test_kotz_2019_fl04_C_20190510_010151.554806_rgb.jpg,3357,3142,3404,3212,ringed_seal
/content/gdrive/MyDrive/project_6/images/train/test_kotz_2019_fl04_C_20190510_010151.554806_rgb.jpg,3020,3662,3098,3704,ringed_seal
/content/gdrive/MyDrive/project_6/images/train/test_kotz_2019_fl04_C_20190510_010151.554806_rgb.jpg,4433,3775,4512,3811,ringed_seal
/content/gdrive/MyDrive/project_6/images/train/test_kotz_2019_fl04_C_20190510_010151.554806_rgb.jpg,4706,3824,4778,3870,ringed_seal
/content/gdrive/MyDrive/project_6/images/train/test_kotz_2019_fl04_C_20190510_010151.554806_rgb.jpg,4508,3933,4591,3972,ringed_seal
/content/gdrive/MyDrive/project_6/images/train/test_kotz_2019_fl04_C_20190510_010151.554806_rgb.jpg,5592,375,5642,433,ringed_seal
/content/gdrive/MyDrive/project_6/images/train/test_kotz_2019_fl04_C_20190510_010246.056116_rgb.jpg,1,2260,41,2308,unknown_seal
/content/gdrive/MyDrive/project_6/images/train/test_kotz_2019_fl04_C_20190510_010246.056116_rgb.jpg,0,2171,35,2231,unknown_seal
/content/gdrive/MyDrive/project_6/images/train/test_kotz_2019_fl04_C_20190510_010246.056116_rgb.jpg,1051,915,1126,961,ringed_seal
/content/gdrive/MyDrive/project_6/images/train/test_kotz_2019_fl04_C_20190510_010246.056116_rgb.jpg,1121,683,1208,723,ringed_seal
/content/gdrive/MyDrive/project_6/images/train/test_kotz_2019_fl04_C_20190510_010246.056116_rgb.jpg,1071,832,1100,904,ringed_seal
/content/gdrive/MyDrive/project_6/images/train/test_kotz_2019_fl04_C_20190510_010246.056116_rgb.jpg,1088,973,1131,1039,ringed_seal
/content/gdrive/MyDrive/project_6/images/train/test_kotz_2019_fl04_C_20190510_010246.056116_rgb.jpg,1258,992,1318,1069,ringed_seal
/content/gdrive/MyDrive/project_6/images/train/test_kotz_2019_fl04_C_20190510_010246.056116_rgb.jpg,1273,888,1330,947,ringed_seal
/content/gdrive/MyDrive/project_6/images/train/test_kotz_2019_fl04_C_20190510_010246.056116_rgb.jpg,1203,791,1240,863,ringed_seal
/content/gdrive/MyDrive/project_6/images/train/test_kotz_2019_fl04_C_20190510_010246.056116_rgb.jpg,1251,855,1306,899,ringed_seal
/content/gdrive/MyDrive/project_6/images/train/test_kotz_2019_fl04_C_20190510_010246.056116_rgb.jpg,1674,2254,1756,2300,ringed_seal
/content/gdrive/MyDrive/project_6/images/train/test_kotz_2019_fl04_C_20190510_010246.056116_rgb.jpg,1432,2240,1488,2276,ringed_seal
/content/gdrive/MyDrive/project_6/images/train/test_kotz_2019_fl04_C_20190510_010246.056116_rgb.jpg,1622,2193,1683,2226,ringed_seal
/content/gdrive/MyDrive/project_6/images/train/test_kotz_2019_fl04_C_20190510_010246.056116_rgb.jpg,1536,2553,1608,2604,ringed_seal
/content/gdrive/MyDrive/project_6/images/train/test_kotz_2019_fl04_C_20190510_010246.056116_rgb.jpg,1742,2485,1816,2534,ringed_seal
/content/gdrive/MyDrive/project_6/images/train/test_kotz_2019_fl04_C_20190510_010246.056116_rgb.jpg,1614,2483,1672,2521,ringed_seal
/content/gdrive/MyDrive/project_6/images/train/test_kotz_2019_fl04_C_20190510_010246.056116_rgb.jpg,1085,767,1129,841,ringed_seal
/content/gdrive/MyDrive/project_6/images/train/test_kotz_2019_fl04_C_20190510_010246.056116_rgb.jpg,1106,824,1171,859,ringed_seal
/content/gdrive/MyDrive/project_6/images/train/test_kotz_2019_fl04_C_20190510_010246.056116_rgb.jpg,1438,2528,1503,2584,ringed_seal
/content/gdrive/MyDrive/project_6/images/train/test_kotz_2019_fl04_C_20190510_010251.950119_rgb.jpg,916,1506,983,1542,ringed_seal
/content/gdrive/MyDrive/project_6/images/train/test_kotz_2019_fl04_C_20190510_010251.950119_rgb.jpg,958,1569,1043,1611,ringed_seal
/content/gdrive/MyDrive/project_6/images/train/test_kotz_2019_fl04_C_20190510_010251.950119_rgb.jpg,834,1253,865,1318,ringed_seal
/content/gdrive/MyDrive/project_6/images/train/test_kotz_2019_fl04_C_20190510_010305.517103_rgb.jpg,2225,2334,2279,2404,ringed_seal
/content/gdrive/MyDrive/project_6/images/train/test_kotz_2019_fl04_C_20190510_010305.517103_rgb.jpg,2185,2259,2233,2316,ringed_seal
/content/gdrive/MyDrive/project_6/images/train/test_kotz_2019_fl04_C_20190510_010305.517103_rgb.jpg,2059,2353,2094,2426,ringed_seal
/content/gdrive/MyDrive/project_6/images/train/test_kotz_2019_fl04_C_20190510_010305.517103_rgb.jpg,2203,2461,2257,2510,ringed_seal
/content/gdrive/MyDrive/project_6/images/train/test_kotz_2019_fl04_C_20190510_010305.517103_rgb.jpg,2317,2509,2398,2544,ringed_seal
/content/gdrive/MyDrive/project_6/images/train/test_kotz_2019_fl04_C_20190510_010305.517103_rgb.jpg,1892,4305,1927,4372,ringed_seal
/content/gdrive/MyDrive/project_6/images/train/test_kotz_2019_fl04_C_20190510_010305.517103_rgb.jpg,2843,3917,2874,3979,ringed_seal
/content/gdrive/MyDrive/project_6/images/train/test_kotz_2019_fl04_C_20190510_010305.517103_rgb.jpg,2947,3919,3026,3963,ringed_seal
/content/gdrive/MyDrive/project_6/images/train/test_kotz_2019_fl04_C_20190510_010305.517103_rgb.jpg,2901,4137,2956,4201,ringed_seal
/content/gdrive/MyDrive/project_6/images/train/test_kotz_2019_fl04_C_20190510_010306.355345_rgb.jpg,1471,2,1522,43,ringed_seal
/content/gdrive/MyDrive/project_6/images/train/test_kotz_2019_fl04_C_20190510_010306.355345_rgb.jpg,1711,0,1785,35,ringed_seal
/content/gdrive/MyDrive/project_6/images/train/test_kotz_2019_fl04_C_20190510_010306.355345_rgb.jpg,1803,919,1875,961,ringed_seal
/content/gdrive/MyDrive/project_6/images/train/test_kotz_2019_fl04_C_20190510_010306.355345_rgb.jpg,1800,789,1878,852,ringed_seal
/content/gdrive/MyDrive/project_6/images/train/test_kotz_2019_fl04_C_20190510_010306.355345_rgb.jpg,3377,2524,3419,2602,ringed_seal
/content/gdrive/MyDrive/project_6/images/train/test_kotz_2019_fl04_C_20190510_010306.355345_rgb.jpg,3436,2652,3506,2687,ringed_seal
/content/gdrive/MyDrive/project_6/images/train/test_kotz_2019_fl04_C_20190510_010306.355345_rgb.jpg,3278,2622,3355,2670,ringed_seal
/content/gdrive/MyDrive/project_6/images/train/test_kotz_2019_fl04_C_20190510_010306.355345_rgb.jpg,3458,2594,3520,2624,ringed_seal
/content/gdrive/MyDrive/project_6/images/train/test_kotz_2019_fl04_C_20190510_010306.355345_rgb.jpg,3363,2654,3415,2726,ringed_seal
/content/gdrive/MyDrive/project_6/images/train/test_kotz_2019_fl04_C_20190510_011857.306554_rgb.jpg,1888,2488,1979,2531,ringed_seal
/content/gdrive/MyDrive/project_6/images/train/test_kotz_2019_fl04_C_20190510_011857.306554_rgb.jpg,1910,2512,1954,2565,ringed_seal
/content/gdrive/MyDrive/project_6/images/train/test_kotz_2019_fl04_C_20190510_012539.811438_rgb.jpg,1506,2967,1541,3044,ringed_seal
/content/gdrive/MyDrive/project_6/images/train/test_kotz_2019_fl04_C_20190510_012539.811438_rgb.jpg,1484,2993,1514,3043,ringed_pup
/content/gdrive/MyDrive/project_6/images/train/test_kotz_2019_fl04_L_20190510_002330.162194_rgb.jpg,586,259,639,308,unknown_seal
/content/gdrive/MyDrive/project_6/images/train/test_kotz_2019_fl04_L_20190510_002330.162194_rgb.jpg,620,250,655,282,unknown_seal
/content/gdrive/MyDrive/project_6/images/train/test_kotz_2019_fl04_L_20190510_002945.160606_rgb.jpg,4372,2533,4398,2582,unknown_seal
/content/gdrive/MyDrive/project_6/images/train/test_kotz_2019_fl04_L_20190510_002945.160606_rgb.jpg,4355,2564,4376,2608,unknown_seal
/content/gdrive/MyDrive/project_6/images/train/test_kotz_2019_fl04_L_20190510_002945.160606_rgb.jpg,4388,2513,4411,2537,ringed_seal
/content/gdrive/MyDrive/project_6/images/train/test_kotz_2019_fl04_L_20190510_002953.410588_rgb.jpg,4210,3821,4226,3858,unknown_seal
/content/gdrive/MyDrive/project_6/images/train/test_kotz_2019_fl04_L_20190510_002953.410588_rgb.jpg,4197,3696,4215,3712,unknown_seal
/content/gdrive/MyDrive/project_6/images/train/test_kotz_2019_fl04_L_20190510_002953.410588_rgb.jpg,5049,3840,5069,3870,unknown_seal
/content/gdrive/MyDrive/project_6/images/train/test_kotz_2019_fl04_L_20190510_002953.410588_rgb.jpg,5072,3855,5086,3891,unknown_seal
/content/gdrive/MyDrive/project_6/images/train/test_kotz_2019_fl04_L_20190510_002953.410588_rgb.jpg,4229,3806,4245,3843,unknown_seal
/content/gdrive/MyDrive/project_6/images/train/test_kotz_2019_fl04_L_20190510_002953.410588_rgb.jpg,4272,3676,4288,3701,unknown_seal
/content/gdrive/MyDrive/project_6/images/train/test_kotz_2019_fl04_L_20190510_002953.410588_rgb.jpg,5108,3877,5129,3895,unknown_seal
/content/gdrive/MyDrive/project_6/images/train/test_kotz_2019_fl04_L_20190510_002953.410588_rgb.jpg,5070,3788,5094,3806,unknown_seal
/content/gdrive/MyDrive/project_6/images/train/test_kotz_2019_fl04_L_20190510_002953.410588_rgb.jpg,5097,3788,5121,3806,unknown_seal
/content/gdrive/MyDrive/project_6/images/train/test_kotz_2019_fl04_L_20190510_002955.660560_rgb.jpg,6307,3432,6339,3471,unknown_seal
/content/gdrive/MyDrive/project_6/images/train/test_kotz_2019_fl04_L_20190510_002955.660560_rgb.jpg,6286,3394,6313,3427,unknown_seal
/content/gdrive/MyDrive/project_6/images/train/test_kotz_2019_fl04_L_20190510_002955.660560_rgb.jpg,6254,3436,6277,3468,unknown_seal
/content/gdrive/MyDrive/project_6/images/train/test_kotz_2019_fl04_L_20190510_002955.660560_rgb.jpg,6229,3432,6249,3465,unknown_seal
/content/gdrive/MyDrive/project_6/images/train/test_kotz_2019_fl04_L_20190510_002955.660560_rgb.jpg,6262,3423,6282,3440,unknown_seal
/content/gdrive/MyDrive/project_6/images/train/test_kotz_2019_fl04_L_20190510_002955.660560_rgb.jpg,6261,3488,6281,3523,unknown_seal
/content/gdrive/MyDrive/project_6/images/train/test_kotz_2019_fl04_L_20190510_003257.160001_rgb.jpg,2070,2194,2124,2231,unknown_seal
/content/gdrive/MyDrive/project_6/images/train/test_kotz_2019_fl04_L_20190510_003941.908327_rgb.jpg,3834,4025,3911,4065,ringed_seal
/content/gdrive/MyDrive/project_6/images/train/test_kotz_2019_fl04_L_20190510_004209.407842_rgb.jpg,6008,1361,6073,1407,unknown_seal
/content/gdrive/MyDrive/project_6/images/train/test_kotz_2019_fl04_L_20190510_010127.750197_rgb.jpg,1354,2754,1410,2810,unknown_seal
/content/gdrive/MyDrive/project_6/images/train/test_kotz_2019_fl04_L_20190510_010127.750197_rgb.jpg,4081,1505,4221,1552,bearded_seal
/content/gdrive/MyDrive/project_6/images/train/test_kotz_2019_fl04_L_20190510_010127.750197_rgb.jpg,4064,3329,4171,3445,bearded_seal
/content/gdrive/MyDrive/project_6/images/train/test_kotz_2019_fl04_L_20190510_010127.750197_rgb.jpg,4548,866,4603,998,bearded_seal
/content/gdrive/MyDrive/project_6/images/train/test_kotz_2019_fl04_L_20190510_010127.750197_rgb.jpg,4366,1224,4453,1351,bearded_seal
/content/gdrive/MyDrive/project_6/images/train/test_kotz_2019_fl04_L_20190510_010127.750197_rgb.jpg,4320,1615,4384,1740,bearded_seal
/content/gdrive/MyDrive/project_6/images/train/test_kotz_2019_fl04_L_20190510_010127.750197_rgb.jpg,4713,1181,4771,1281,bearded_seal
/content/gdrive/MyDrive/project_6/images/train/test_kotz_2019_fl04_L_20190510_010127.750197_rgb.jpg,4678,3700,4783,3797,bearded_seal
/content/gdrive/MyDrive/project_6/images/train/test_kotz_2019_fl04_L_20190510_010127.750197_rgb.jpg,4770,3870,4853,3984,bearded_seal
/content/gdrive/MyDrive/project_6/images/train/test_kotz_2019_fl04_L_20190510_010127.750197_rgb.jpg,4325,4170,4398,4296,bearded_seal
/content/gdrive/MyDrive/project_6/images/train/test_kotz_2019_fl04_L_20190510_010127.750197_rgb.jpg,5509,593,5618,643,bearded_seal
/content/gdrive/MyDrive/project_6/images/train/test_kotz_2019_fl04_L_20190510_010127.750197_rgb.jpg,5624,260,5712,373,bearded_seal
/content/gdrive/MyDrive/project_6/images/train/test_kotz_2019_fl04_L_20190510_010127.750197_rgb.jpg,5749,889,5810,1009,bearded_seal
/content/gdrive/MyDrive/project_6/images/train/test_kotz_2019_fl04_L_20190510_010127.750197_rgb.jpg,5563,3100,5687,3166,bearded_seal
/content/gdrive/MyDrive/project_6/images/train/test_kotz_2019_fl04_L_20190510_010237.737776_rgb.jpg,4110,2088,4164,2153,ringed_seal
/content/gdrive/MyDrive/project_6/images/train/test_kotz_2019_fl04_L_20190510_010237.737776_rgb.jpg,4801,907,4847,969,ringed_seal
/content/gdrive/MyDrive/project_6/images/train/test_kotz_2019_fl04_L_20190510_010237.737776_rgb.jpg,5245,3024,5317,3078,ringed_seal
/content/gdrive/MyDrive/project_6/images/train/test_kotz_2019_fl04_L_20190510_010237.737776_rgb.jpg,5156,3927,5231,3967,ringed_seal
/content/gdrive/MyDrive/project_6/images/train/test_kotz_2019_fl04_L_20190510_010237.737776_rgb.jpg,5936,203,5972,267,ringed_seal
/content/gdrive/MyDrive/project_6/images/train/test_kotz_2019_fl04_L_20190510_010237.737776_rgb.jpg,5592,689,5644,731,ringed_seal
/content/gdrive/MyDrive/project_6/images/train/test_kotz_2019_fl04_L_20190510_010237.737776_rgb.jpg,6285,1907,6322,1973,ringed_seal
/content/gdrive/MyDrive/project_6/images/train/test_kotz_2019_fl04_L_20190510_010237.737776_rgb.jpg,4599,1000,4667,1033,ringed_seal
/content/gdrive/MyDrive/project_6/images/train/test_kotz_2019_fl04_L_20190510_010240.225307_rgb.jpg,3215,1764,3258,1830,unknown_seal
/content/gdrive/MyDrive/project_6/images/train/test_kotz_2019_fl04_L_20190510_010240.225307_rgb.jpg,3360,2101,3417,2142,unknown_seal
/content/gdrive/MyDrive/project_6/images/train/test_kotz_2019_fl04_L_20190510_010240.225307_rgb.jpg,4130,613,4239,654,bearded_seal
/content/gdrive/MyDrive/project_6/images/train/test_kotz_2019_fl04_L_20190510_010240.225307_rgb.jpg,3907,856,3955,908,ringed_seal
/content/gdrive/MyDrive/project_6/images/train/test_kotz_2019_fl04_L_20190510_010240.225307_rgb.jpg,4003,1201,4076,1236,ringed_seal
/content/gdrive/MyDrive/project_6/images/train/test_kotz_2019_fl04_L_20190510_010240.225307_rgb.jpg,4721,95,4764,157,ringed_seal
/content/gdrive/MyDrive/project_6/images/train/test_kotz_2019_fl04_L_20190510_010240.225307_rgb.jpg,4672,622,4740,685,ringed_seal
/content/gdrive/MyDrive/project_6/images/train/test_kotz_2019_fl04_L_20190510_010240.225307_rgb.jpg,4689,763,4770,799,ringed_seal
/content/gdrive/MyDrive/project_6/images/train/test_kotz_2019_fl04_L_20190510_010240.225307_rgb.jpg,5052,2050,5127,2097,ringed_seal
/content/gdrive/MyDrive/project_6/images/train/test_kotz_2019_fl04_L_20190510_010240.225307_rgb.jpg,4996,3323,5138,3371,bearded_seal
/content/gdrive/MyDrive/project_6/images/train/test_kotz_2019_fl04_L_20190510_010240.225307_rgb.jpg,5142,3828,5186,3895,ringed_seal
/content/gdrive/MyDrive/project_6/images/train/test_kotz_2019_fl04_L_20190510_010240.225307_rgb.jpg,5260,3728,5342,3765,ringed_seal
/content/gdrive/MyDrive/project_6/images/train/test_kotz_2019_fl04_L_20190510_010240.225307_rgb.jpg,5444,2285,5519,2395,bearded_seal
/content/gdrive/MyDrive/project_6/images/train/test_kotz_2019_fl04_L_20190510_010240.225307_rgb.jpg,5669,2538,5747,2583,ringed_seal
/content/gdrive/MyDrive/project_6/images/train/test_kotz_2019_fl04_L_20190510_010240.225307_rgb.jpg,5736,3948,5801,4007,ringed_seal
/content/gdrive/MyDrive/project_6/images/train/test_kotz_2019_fl04_L_20190510_010240.225307_rgb.jpg,4304,520,4410,578,bearded_seal
/content/gdrive/MyDrive/project_6/images/train/test_kotz_2019_fl04_L_20190510_011831.278418_rgb.jpg,4228,1665,4262,1731,ringed_seal
/content/gdrive/MyDrive/project_6/images/train/test_kotz_2019_fl04_L_20190510_012022.204054_rgb.jpg,4040,1554,4085,1607,ringed_seal
/content/gdrive/MyDrive/project_6/images/train/test_kotz_2019_fl04_L_20190510_012516.745657_rgb.jpg,1694,2566,1723,2610,unknown_seal
/content/gdrive/MyDrive/project_6/images/train/test_kotz_2019_fl04_L_20190510_013051.418954_rgb.jpg,5851,254,5897,331,unknown_seal
/content/gdrive/MyDrive/project_6/images/train/test_kotz_2019_fl04_L_20190510_013051.418954_rgb.jpg,5869,360,5905,406,unknown_pup
/content/gdrive/MyDrive/project_6/images/train/test_kotz_2019_fl05_C_20190510_051628.966351_rgb.jpg,4082,4204,4143,4268,ringed_seal
/content/gdrive/MyDrive/project_6/images/train/test_kotz_2019_fl05_C_20190510_051714.954836_rgb.jpg,969,4036,1002,4101,ringed_seal
/content/gdrive/MyDrive/project_6/images/train/test_kotz_2019_fl05_C_20190510_053940.910395_rgb.jpg,1272,2425,1333,2462,unknown_seal
/content/gdrive/MyDrive/project_6/images/train/test_kotz_2019_fl05_C_20190510_053940.910395_rgb.jpg,1801,475,1836,544,ringed_seal
/content/gdrive/MyDrive/project_6/images/train/test_kotz_2019_fl05_C_20190510_053940.910395_rgb.jpg,5297,1509,5351,1572,ringed_seal
/content/gdrive/MyDrive/project_6/images/train/test_kotz_2019_fl05_C_20190510_054021.337925_rgb.jpg,560,4039,594,4108,unknown_seal
/content/gdrive/MyDrive/project_6/images/train/test_kotz_2019_fl05_C_20190510_054021.337925_rgb.jpg,588,3974,623,4037,ringed_seal
/content/gdrive/MyDrive/project_6/images/train/test_kotz_2019_fl05_C_20190510_054021.337925_rgb.jpg,665,3928,703,4019,unknown_seal
/content/gdrive/MyDrive/project_6/images/train/test_kotz_2019_fl05_C_20190510_054021.337925_rgb.jpg,2755,1472,2785,1538,ringed_seal
/content/gdrive/MyDrive/project_6/images/train/test_kotz_2019_fl05_C_20190510_054021.337925_rgb.jpg,5740,4256,5799,4339,ringed_seal
/content/gdrive/MyDrive/project_6/images/train/test_kotz_2019_fl05_C_20190510_054021.337925_rgb.jpg,5979,4285,6021,4339,ringed_seal
/content/gdrive/MyDrive/project_6/images/train/test_kotz_2019_fl05_C_20190510_054021.337925_rgb.jpg,5845,4335,5899,4384,unknown_seal
/content/gdrive/MyDrive/project_6/images/train/test_kotz_2019_fl05_C_20190510_054326.668975_rgb.jpg,2641,3756,2714,3801,ringed_seal
/content/gdrive/MyDrive/project_6/images/train/test_kotz_2019_fl05_C_20190510_054326.668975_rgb.jpg,2495,3854,2555,3895,ringed_seal
/content/gdrive/MyDrive/project_6/images/train/test_kotz_2019_fl05_C_20190510_054326.668975_rgb.jpg,2794,3679,2827,3739,ringed_seal
/content/gdrive/MyDrive/project_6/images/train/test_kotz_2019_fl05_C_20190510_054326.668975_rgb.jpg,2552,3689,2607,3754,ringed_seal
/content/gdrive/MyDrive/project_6/images/train/test_kotz_2019_fl05_C_20190510_054326.668975_rgb.jpg,2553,3801,2589,3853,ringed_seal
/content/gdrive/MyDrive/project_6/images/train/test_kotz_2019_fl05_C_20190510_054326.668975_rgb.jpg,2677,3851,2721,3896,ringed_seal
/content/gdrive/MyDrive/project_6/images/train/test_kotz_2019_fl05_C_20190510_055706.090260_rgb.jpg,1460,1779,1530,1814,ringed_seal
/content/gdrive/MyDrive/project_6/images/train/test_kotz_2019_fl05_C_20190510_060121.479724_rgb.jpg,5154,431,5195,490,ringed_seal
/content/gdrive/MyDrive/project_6/images/train/test_kotz_2019_fl05_C_20190510_060121.479724_rgb.jpg,5094,364,5139,426,ringed_seal
/content/gdrive/MyDrive/project_6/images/train/test_kotz_2019_fl05_C_20190510_060121.479724_rgb.jpg,5102,74,5154,132,ringed_seal
/content/gdrive/MyDrive/project_6/images/train/test_kotz_2019_fl05_C_20190510_060121.479724_rgb.jpg,5164,36,5195,100,ringed_seal
/content/gdrive/MyDrive/project_6/images/train/test_kotz_2019_fl05_C_20190510_060121.479724_rgb.jpg,5216,120,5254,192,ringed_seal
/content/gdrive/MyDrive/project_6/images/train/test_kotz_2019_fl05_C_20190510_060121.479724_rgb.jpg,5162,107,5209,165,ringed_seal
/content/gdrive/MyDrive/project_6/images/train/test_kotz_2019_fl05_C_20190510_060400.034108_rgb.jpg,3452,3001,3530,3035,ringed_seal
/content/gdrive/MyDrive/project_6/images/train/test_kotz_2019_fl05_C_20190510_060400.034108_rgb.jpg,3440,3079,3481,3143,ringed_seal
/content/gdrive/MyDrive/project_6/images/train/test_kotz_2019_fl05_C_20190510_060400.034108_rgb.jpg,3492,3061,3555,3092,ringed_seal
/content/gdrive/MyDrive/project_6/images/train/test_kotz_2019_fl05_L_20190510_045650.466091_rgb.jpg,3408,488,3444,542,ringed_seal
/content/gdrive/MyDrive/project_6/images/train/test_kotz_2019_fl05_L_20190510_045650.466091_rgb.jpg,3405,554,3484,594,ringed_seal
/content/gdrive/MyDrive/project_6/images/train/test_kotz_2019_fl05_L_20190510_045650.466091_rgb.jpg,3352,591,3409,629,ringed_seal
/content/gdrive/MyDrive/project_6/images/train/test_kotz_2019_fl05_L_20190510_050954.569633_rgb.jpg,5247,2299,5276,2332,ringed_pup
/content/gdrive/MyDrive/project_6/images/train/test_kotz_2019_fl05_L_20190510_050954.569633_rgb.jpg,4296,905,4370,956,ringed_seal
/content/gdrive/MyDrive/project_6/images/train/test_kotz_2019_fl05_L_20190510_050954.569633_rgb.jpg,4269,772,4342,819,ringed_seal
/content/gdrive/MyDrive/project_6/images/train/test_kotz_2019_fl05_L_20190510_050954.569633_rgb.jpg,5213,2286,5253,2342,ringed_seal
/content/gdrive/MyDrive/project_6/images/train/test_kotz_2019_fl05_L_20190510_052217.223887_rgb.jpg,4107,3644,4155,3720,unknown_seal
/content/gdrive/MyDrive/project_6/images/train/test_kotz_2019_fl05_L_20190510_054005.831947_rgb.jpg,989,1182,1021,1239,unknown_seal
/content/gdrive/MyDrive/project_6/images/train/test_kotz_2019_fl05_L_20190510_054005.831947_rgb.jpg,929,1242,965,1306,unknown_seal
/content/gdrive/MyDrive/project_6/images/train/test_kotz_2019_fl05_L_20190510_054005.831947_rgb.jpg,1360,3355,1417,3393,ringed_seal
/content/gdrive/MyDrive/project_6/images/train/test_kotz_2019_fl05_L_20190510_054005.831947_rgb.jpg,2386,1719,2434,1785,unknown_seal
/content/gdrive/MyDrive/project_6/images/train/test_kotz_2019_fl05_L_20190510_054005.831947_rgb.jpg,2546,2060,2610,2096,ringed_seal
/content/gdrive/MyDrive/project_6/images/train/test_kotz_2019_fl05_L_20190510_054005.831947_rgb.jpg,2802,2866,2834,2928,ringed_seal
/content/gdrive/MyDrive/project_6/images/train/test_kotz_2019_fl05_L_20190510_054005.831947_rgb.jpg,4629,1086,4679,1135,ringed_seal
/content/gdrive/MyDrive/project_6/images/train/test_kotz_2019_fl05_L_20190510_054005.831947_rgb.jpg,6354,909,6393,974,ringed_seal
/content/gdrive/MyDrive/project_6/images/train/test_kotz_2019_fl05_L_20190510_054005.831947_rgb.jpg,6450,779,6520,851,ringed_seal
/content/gdrive/MyDrive/project_6/images/train/test_kotz_2019_fl05_L_20190510_054513.838216_rgb.jpg,1459,1729,1488,1782,ringed_seal
/content/gdrive/MyDrive/project_6/images/train/test_kotz_2019_fl05_L_20190510_054513.838216_rgb.jpg,1523,1842,1568,1888,ringed_seal
/content/gdrive/MyDrive/project_6/images/train/test_kotz_2019_fl05_L_20190510_054513.838216_rgb.jpg,1496,1959,1532,2020,ringed_seal
/content/gdrive/MyDrive/project_6/images/train/test_kotz_2019_fl05_L_20190510_054513.838216_rgb.jpg,1234,1825,1289,1860,ringed_seal
/content/gdrive/MyDrive/project_6/images/train/test_kotz_2019_fl05_L_20190510_054513.838216_rgb.jpg,1424,2008,1460,2062,ringed_seal
/content/gdrive/MyDrive/project_6/images/train/test_kotz_2019_fl05_L_20190510_054513.838216_rgb.jpg,2236,1783,2286,1808,unknown_seal
/content/gdrive/MyDrive/project_6/images/train/test_kotz_2019_fl05_L_20190510_054513.838216_rgb.jpg,2282,1710,2314,1774,ringed_seal
/content/gdrive/MyDrive/project_6/images/train/test_kotz_2019_fl05_L_20190510_054513.838216_rgb.jpg,2330,1702,2367,1758,ringed_seal
/content/gdrive/MyDrive/project_6/images/train/test_kotz_2019_fl05_L_20190510_054513.838216_rgb.jpg,2255,1675,2285,1721,ringed_seal
/content/gdrive/MyDrive/project_6/images/train/test_kotz_2019_fl05_L_20190510_054513.838216_rgb.jpg,2393,1800,2438,1858,ringed_seal
/content/gdrive/MyDrive/project_6/images/train/test_kotz_2019_fl05_L_20190510_054513.838216_rgb.jpg,1352,1745,1386,1803,ringed_seal
/content/gdrive/MyDrive/project_6/images/train/test_kotz_2019_fl05_L_20190510_060419.797716_rgb.jpg,5257,9,5303,70,ringed_seal
/content/gdrive/MyDrive/project_6/images/train/test_kotz_2019_fl05_L_20190510_060419.797716_rgb.jpg,5349,56,5395,92,ringed_seal
/content/gdrive/MyDrive/project_6/images/train/test_kotz_2019_fl05_L_20190510_060419.797716_rgb.jpg,5300,32,5334,93,ringed_seal
/content/gdrive/MyDrive/project_6/images/train/test_kotz_2019_fl05_L_20190510_060419.797716_rgb.jpg,5330,152,5364,213,ringed_seal
/content/gdrive/MyDrive/project_6/images/train/polar_bear_2019_fl06_C_20190510_224256.085983_rgb.jpg,3098,2149,3132,2227,ringed_seal
/content/gdrive/MyDrive/project_6/images/train/polar_bear_2019_fl06_C_20190510_231021.859406_rgb.jpg,2509,2849,2545,2926,ringed_seal
/content/gdrive/MyDrive/project_6/images/train/polar_bear_2019_fl06_C_20190510_232139.995329_rgb.jpg,1551,1324,1587,1389,ringed_seal
/content/gdrive/MyDrive/project_6/images/train/polar_bear_2019_fl06_C_20190510_232139.995329_rgb.jpg,1705,1319,1738,1377,ringed_seal
/content/gdrive/MyDrive/project_6/images/train/polar_bear_2019_fl06_C_20190510_232139.995329_rgb.jpg,1634,1339,1677,1396,ringed_seal
/content/gdrive/MyDrive/project_6/images/train/polar_bear_2019_fl06_C_20190510_232139.995329_rgb.jpg,4560,528,4617,587,ringed_seal
/content/gdrive/MyDrive/project_6/images/train/polar_bear_2019_fl06_C_20190510_232139.995329_rgb.jpg,4606,510,4660,570,ringed_seal
/content/gdrive/MyDrive/project_6/images/train/polar_bear_2019_fl06_C_20190510_232139.995329_rgb.jpg,4548,592,4610,650,ringed_seal
/content/gdrive/MyDrive/project_6/images/train/polar_bear_2019_fl06_C_20190510_232537.858686_rgb.jpg,1876,3040,1989,3105,bearded_seal
/content/gdrive/MyDrive/project_6/images/train/polar_bear_2019_fl06_C_20190511_000101.667622_rgb.jpg,4309,2087,4342,2144,unknown_pup
/content/gdrive/MyDrive/project_6/images/train/polar_bear_2019_fl06_L_20190510_231300.941033_rgb.jpg,5327,4229,5396,4271,ringed_seal
/content/gdrive/MyDrive/project_6/images/train/polar_bear_2019_fl06_L_20190510_232126.770436_rgb.jpg,1277,2106,1339,2146,ringed_seal
/content/gdrive/MyDrive/project_6/images/train/polar_bear_2019_fl06_L_20190510_232126.770436_rgb.jpg,1217,2148,1267,2189,ringed_seal
/content/gdrive/MyDrive/project_6/images/train/polar_bear_2019_fl06_L_20190510_232126.770436_rgb.jpg,1207,2087,1253,2135,ringed_seal
/content/gdrive/MyDrive/project_6/images/train/polar_bear_2019_fl06_L_20190510_232126.770436_rgb.jpg,1253,2050,1301,2085,ringed_seal
/content/gdrive/MyDrive/project_6/images/train/polar_bear_2019_fl06_L_20190510_232543.666788_rgb.jpg,6215,788,6275,824,ringed_seal
/content/gdrive/MyDrive/project_6/images/train/polar_bear_2019_fl06_L_20190510_232543.666788_rgb.jpg,2863,865,2942,902,ringed_seal
/content/gdrive/MyDrive/project_6/images/train/polar_bear_2019_fl06_L_20190510_232543.666788_rgb.jpg,2886,960,2944,1000,ringed_seal
/content/gdrive/MyDrive/project_6/images/train/polar_bear_2019_fl06_L_20190510_232543.666788_rgb.jpg,6197,833,6261,866,ringed_pup
/content/gdrive/MyDrive/project_6/images/train/polar_bear_2019_fl06_L_20190510_232548.793570_rgb.jpg,5255,2432,5307,2504,ringed_seal
/content/gdrive/MyDrive/project_6/images/train/polar_bear_2019_fl06_L_20190511_001529.944570_rgb.jpg,2893,3963,2926,4024,unknown_seal
/content/gdrive/MyDrive/project_6/images/train/polar_bear_2019_fl07_C_20190511_232611.751591_rgb.jpg,4496,2420,4535,2494,ringed_seal
/content/gdrive/MyDrive/project_6/images/train/polar_bear_2019_fl07_C_20190511_232611.751591_rgb.jpg,4422,2312,4463,2391,ringed_seal
/content/gdrive/MyDrive/project_6/images/train/polar_bear_2019_fl07_C_20190511_232611.751591_rgb.jpg,4336,2684,4403,2735,ringed_seal
/content/gdrive/MyDrive/project_6/images/train/polar_bear_2019_fl07_C_20190511_232611.751591_rgb.jpg,4586,2498,4649,2552,ringed_seal
/content/gdrive/MyDrive/project_6/images/train/polar_bear_2019_fl07_C_20190511_232624.261939_rgb.jpg,3064,3298,3121,3338,ringed_seal
/content/gdrive/MyDrive/project_6/images/train/polar_bear_2019_fl07_C_20190511_232624.261939_rgb.jpg,3169,3339,3221,3404,ringed_seal
/content/gdrive/MyDrive/project_6/images/train/polar_bear_2019_fl07_C_20190511_232624.261939_rgb.jpg,3073,3364,3157,3399,ringed_seal
/content/gdrive/MyDrive/project_6/images/train/polar_bear_2019_fl07_C_20190511_235357.019155_rgb.jpg,5803,2774,5853,2861,ringed_seal
/content/gdrive/MyDrive/project_6/images/train/polar_bear_2019_fl07_C_20190511_235357.019155_rgb.jpg,3703,1279,3745,1357,ringed_seal
/content/gdrive/MyDrive/project_6/images/train/polar_bear_2019_fl07_C_20190511_235357.019155_rgb.jpg,5908,2947,5983,2995,ringed_seal
/content/gdrive/MyDrive/project_6/images/train/polar_bear_2019_fl07_C_20190511_235425.555687_rgb.jpg,5374,3064,5430,3124,ringed_seal
/content/gdrive/MyDrive/project_6/images/train/polar_bear_2019_fl07_C_20190512_000052.563529_rgb.jpg,5574,2503,5655,2544,ringed_seal
/content/gdrive/MyDrive/project_6/images/train/polar_bear_2019_fl07_C_20190512_000507.646388_rgb.jpg,6252,2055,6299,2124,ringed_seal
/content/gdrive/MyDrive/project_6/images/train/polar_bear_2019_fl07_C_20190512_002853.877478_rgb.jpg,3304,2577,3389,2618,ringed_seal
/content/gdrive/MyDrive/project_6/images/train/polar_bear_2019_fl07_C_20190512_002853.877478_rgb.jpg,3338,2681,3389,2747,ringed_seal
/content/gdrive/MyDrive/project_6/images/train/polar_bear_2019_fl07_C_20190512_002853.877478_rgb.jpg,3344,2493,3420,2533,ringed_seal
/content/gdrive/MyDrive/project_6/images/train/polar_bear_2019_fl07_C_20190512_002853.877478_rgb.jpg,3397,2629,3471,2673,ringed_seal
/content/gdrive/MyDrive/project_6/images/train/polar_bear_2019_fl07_C_20190512_002853.877478_rgb.jpg,3429,2589,3491,2655,ringed_seal
/content/gdrive/MyDrive/project_6/images/train/polar_bear_2019_fl07_C_20190512_004951.345281_rgb.jpg,866,3623,924,3689,ringed_seal
/content/gdrive/MyDrive/project_6/images/train/polar_bear_2019_fl07_C_20190512_010501.474901_rgb.jpg,4696,647,4756,684,ringed_seal
/content/gdrive/MyDrive/project_6/images/train/polar_bear_2019_fl07_C_20190512_010621.526784_rgb.jpg,4754,586,4785,650,ringed_seal
/content/gdrive/MyDrive/project_6/images/train/polar_bear_2019_fl07_C_20190512_010621.526784_rgb.jpg,4811,540,4857,613,ringed_seal
/content/gdrive/MyDrive/project_6/images/train/polar_bear_2019_fl07_C_20190512_010621.526784_rgb.jpg,4611,2113,4658,2178,ringed_seal
/content/gdrive/MyDrive/project_6/images/train/polar_bear_2019_fl07_C_20190512_010621.526784_rgb.jpg,4648,2074,4698,2121,ringed_seal
/content/gdrive/MyDrive/project_6/images/train/polar_bear_2019_fl07_C_20190512_010621.526784_rgb.jpg,4755,2097,4800,2169,ringed_seal
/content/gdrive/MyDrive/project_6/images/train/polar_bear_2019_fl07_C_20190512_010704.743340_rgb.jpg,5653,325,5688,388,ringed_seal
/content/gdrive/MyDrive/project_6/images/train/polar_bear_2019_fl07_C_20190512_010704.743340_rgb.jpg,5615,1049,5660,1100,unknown_pup
/content/gdrive/MyDrive/project_6/images/train/polar_bear_2019_fl07_C_20190512_010704.743340_rgb.jpg,1266,4328,1330,4362,ringed_seal
/content/gdrive/MyDrive/project_6/images/train/polar_bear_2019_fl07_L_20190511_232628.187115_rgb.jpg,1802,3207,1888,3285,bearded_seal
/content/gdrive/MyDrive/project_6/images/train/polar_bear_2019_fl07_L_20190511_232628.187115_rgb.jpg,1966,2937,2072,2994,unknown_seal
/content/gdrive/MyDrive/project_6/images/train/polar_bear_2019_fl07_L_20190511_232628.187115_rgb.jpg,5538,4167,5617,4275,bearded_seal
/content/gdrive/MyDrive/project_6/images/train/polar_bear_2019_fl07_L_20190511_232633.745455_rgb.jpg,6342,1302,6413,1351,ringed_seal
/content/gdrive/MyDrive/project_6/images/train/polar_bear_2019_fl07_L_20190511_232633.745455_rgb.jpg,6364,1452,6430,1487,ringed_seal
/content/gdrive/MyDrive/project_6/images/train/polar_bear_2019_fl07_L_20190511_232633.745455_rgb.jpg,4201,3596,4242,3659,ringed_seal
/content/gdrive/MyDrive/project_6/images/train/polar_bear_2019_fl07_L_20190511_232633.745455_rgb.jpg,4153,3540,4210,3591,ringed_seal
/content/gdrive/MyDrive/project_6/images/train/polar_bear_2019_fl07_L_20190511_232633.745455_rgb.jpg,6281,1299,6343,1352,ringed_seal
/content/gdrive/MyDrive/project_6/images/train/polar_bear_2019_fl07_L_20190511_232633.745455_rgb.jpg,4276,3612,4312,3689,ringed_seal
/content/gdrive/MyDrive/project_6/images/train/polar_bear_2019_fl07_L_20190511_233143.212327_rgb.jpg,1164,3020,1215,3054,unknown_seal
/content/gdrive/MyDrive/project_6/images/train/polar_bear_2019_fl07_L_20190511_233143.212327_rgb.jpg,1102,2872,1136,2907,unknown_seal
/content/gdrive/MyDrive/project_6/images/train/polar_bear_2019_fl07_L_20190511_233143.212327_rgb.jpg,1107,2924,1145,2959,unknown_seal
/content/gdrive/MyDrive/project_6/images/train/polar_bear_2019_fl07_L_20190511_233143.212327_rgb.jpg,1187,2978,1221,3013,unknown_seal
/content/gdrive/MyDrive/project_6/images/train/polar_bear_2019_fl07_L_20190511_234330.040220_rgb.jpg,6340,4161,6376,4231,ringed_seal
/content/gdrive/MyDrive/project_6/images/train/polar_bear_2019_fl07_L_20190511_234416.174319_rgb.jpg,1994,3484,2032,3552,ringed_seal
/content/gdrive/MyDrive/project_6/images/train/polar_bear_2019_fl07_L_20190511_234416.174319_rgb.jpg,1944,3420,2003,3464,ringed_seal
/content/gdrive/MyDrive/project_6/images/train/polar_bear_2019_fl07_L_20190511_235034.869656_rgb.jpg,2494,719,2539,771,ringed_seal
/content/gdrive/MyDrive/project_6/images/train/polar_bear_2019_fl07_L_20190511_235034.869656_rgb.jpg,1388,2100,1501,2149,unknown_seal
/content/gdrive/MyDrive/project_6/images/train/polar_bear_2019_fl07_L_20190511_235320.384236_rgb.jpg,2248,2728,2290,2787,unknown_seal
/content/gdrive/MyDrive/project_6/images/train/polar_bear_2019_fl07_L_20190511_235320.384236_rgb.jpg,3749,749,3786,816,ringed_seal
/content/gdrive/MyDrive/project_6/images/train/polar_bear_2019_fl07_L_20190511_235320.384236_rgb.jpg,3743,752,3769,794,ringed_seal
/content/gdrive/MyDrive/project_6/images/train/polar_bear_2019_fl07_L_20190511_235435.362262_rgb.jpg,6149,1251,6206,1310,ringed_seal
/content/gdrive/MyDrive/project_6/images/train/polar_bear_2019_fl07_L_20190512_000056.120860_rgb.jpg,4415,2180,4453,2245,ringed_seal
/content/gdrive/MyDrive/project_6/images/train/polar_bear_2019_fl07_L_20190512_000103.949029_rgb.jpg,2257,4148,2310,4197,ringed_seal
/content/gdrive/MyDrive/project_6/images/train/polar_bear_2019_fl07_L_20190512_000404.022569_rgb.jpg,5528,3912,5599,3946,ringed_seal
/content/gdrive/MyDrive/project_6/images/train/polar_bear_2019_fl07_L_20190512_001204.457134_rgb.jpg,2300,2286,2341,2348,ringed_seal
/content/gdrive/MyDrive/project_6/images/train/polar_bear_2019_fl07_L_20190512_001204.457134_rgb.jpg,2378,2267,2437,2320,ringed_seal
/content/gdrive/MyDrive/project_6/images/train/polar_bear_2019_fl07_L_20190512_001204.457134_rgb.jpg,2486,2133,2532,2197,ringed_seal
/content/gdrive/MyDrive/project_6/images/train/polar_bear_2019_fl07_L_20190512_001204.457134_rgb.jpg,2361,2150,2404,2207,ringed_seal
/content/gdrive/MyDrive/project_6/images/train/polar_bear_2019_fl07_L_20190512_001217.547584_rgb.jpg,4436,1495,4480,1556,unknown_seal
/content/gdrive/MyDrive/project_6/images/train/polar_bear_2019_fl07_L_20190512_001217.547584_rgb.jpg,5497,467,5547,529,ringed_seal
/content/gdrive/MyDrive/project_6/images/train/polar_bear_2019_fl07_L_20190512_001217.547584_rgb.jpg,4325,2450,4390,2484,ringed_seal
/content/gdrive/MyDrive/project_6/images/train/polar_bear_2019_fl07_L_20190512_001217.547584_rgb.jpg,4595,2136,4648,2164,ringed_seal
/content/gdrive/MyDrive/project_6/images/train/polar_bear_2019_fl07_L_20190512_001217.547584_rgb.jpg,3923,2861,3961,2922,ringed_seal
/content/gdrive/MyDrive/project_6/images/train/polar_bear_2019_fl07_L_20190512_001217.547584_rgb.jpg,6483,353,6558,405,ringed_seal
/content/gdrive/MyDrive/project_6/images/train/polar_bear_2019_fl07_L_20190512_001217.547584_rgb.jpg,4215,2600,4272,2666,ringed_seal
/content/gdrive/MyDrive/project_6/images/train/polar_bear_2019_fl07_L_20190512_001217.547584_rgb.jpg,1721,967,1754,1036,ringed_seal
/content/gdrive/MyDrive/project_6/images/train/polar_bear_2019_fl07_L_20190512_001217.547584_rgb.jpg,3416,1365,3467,1421,ringed_seal
/content/gdrive/MyDrive/project_6/images/train/polar_bear_2019_fl07_L_20190512_001217.547584_rgb.jpg,5387,553,5423,610,ringed_seal
/content/gdrive/MyDrive/project_6/images/train/polar_bear_2019_fl07_L_20190512_001217.547584_rgb.jpg,6472,425,6523,489,ringed_seal
/content/gdrive/MyDrive/project_6/images/train/polar_bear_2019_fl07_L_20190512_001217.547584_rgb.jpg,4536,1466,4586,1498,ringed_seal
/content/gdrive/MyDrive/project_6/images/train/polar_bear_2019_fl07_L_20190512_001217.547584_rgb.jpg,1768,907,1797,960,ringed_seal
/content/gdrive/MyDrive/project_6/images/train/polar_bear_2019_fl07_L_20190512_001217.547584_rgb.jpg,4739,1906,4782,1974,ringed_seal
/content/gdrive/MyDrive/project_6/images/train/polar_bear_2019_fl07_L_20190512_002059.144116_rgb.jpg,279,1056,316,1113,ringed_seal
/content/gdrive/MyDrive/project_6/images/train/polar_bear_2019_fl07_L_20190512_002059.144116_rgb.jpg,337,1035,373,1083,ringed_seal
/content/gdrive/MyDrive/project_6/images/train/polar_bear_2019_fl07_L_20190512_004138.859444_rgb.jpg,6094,2749,6128,2781,unknown_pup
/content/gdrive/MyDrive/project_6/images/train/polar_bear_2019_fl07_L_20190512_004138.859444_rgb.jpg,6104,2754,6159,2801,unknown_seal
/content/gdrive/MyDrive/project_6/images/train/polar_bear_2019_fl07_L_20190512_004609.494453_rgb.jpg,70,1169,112,1221,unknown_seal
/content/gdrive/MyDrive/project_6/images/train/polar_bear_2019_fl07_L_20190512_010658.546260_rgb.jpg,1447,4205,1492,4255,ringed_seal
/content/gdrive/MyDrive/project_6/images/train/polar_bear_2019_fl07_L_20190512_010714.531845_rgb.jpg,1790,1072,1851,1115,ringed_seal
/content/gdrive/MyDrive/project_6/images/train/polar_bear_2019_fl07_L_20190512_010714.531845_rgb.jpg,1764,931,1821,982,ringed_seal
/content/gdrive/MyDrive/project_6/images/train/polar_bear_2019_fl07_L_20190512_012946.980358_rgb.jpg,6418,475,6479,533,ringed_seal
/content/gdrive/MyDrive/project_6/images/train/polar_bear_2019_fl07_L_20190512_013357.187895_rgb.jpg,5224,4093,5283,4127,ringed_seal
